,words,mapping
0,sugar,{'sugar': 0}
1,clinker,{'clinker': 0}
2,small,"{'small': 0, 'large': 0.2073109745979309, 'tiny': 0.2700859308242798, 'smaller': 0.2945893406867981}"
3,finance,{'finance': 0}
4,bank,"{'bank': 0, 'banks': 0.29609745740890503}"
5,tax,"{'tax': 0, 'taxes': 0.15893161296844482}"
6,revenue,"{'revenue': 0, 'revenues': 0.1114499568939209}"
7,class,"{'class': 0, 'classes': 0.2875105142593384}"
8,ac,{'ac': 0}
9,crude,"{'crude': 0, 'oil': 0.2789238691329956}"
10,oil,"{'oil': 0, 'crude': 0.2789238691329956, 'petroleum': 0.2923089265823364}"
11,dubai,{'dubai': 0}
12,potassium,"{'potassium': 0, 'sodium': 0.2515183091163635, 'calcium': 0.2580307126045227, 'chloride': 0.2737654447555542}"
13,chloride,"{'chloride': 0, 'potassium': 0.2737654447555542}"
14,depositor,{'depositor': 0}
15,commercial,{'commercial': 0}
16,qatar,"{'qatar': 0, 'oman': 0.2718895673751831}"
17,antiperspirant,{'antiperspirant': 0}
18,pig,{'pig': 0}
19,iron,{'iron': 0}
20,finished,"{'finished': 0, 'finishing': 0.14257025718688965, 'finish': 0.18859004974365234}"
21,steel,"{'steel': 0, 'stainless': 0.2819330096244812}"
22,noodles,{'noodles': 0}
23,sawnwood,[]
24,cameroon,{'cameroon': 0}
25,foreign,{'foreign': 0}
26,sector,"{'sector': 0, 'sectors': 0.17361760139465332}"
27,semiconductor,{'semiconductor': 0}
28,state,{'state': 0}
29,pudding,{'pudding': 0}
30,gelatin,{'gelatin': 0}
31,mixes,{'mixes': 0}
32,office,"{'office': 0, 'offices': 0.27299273014068604}"
33,equipment,{'equipment': 0}
34,raw,{'raw': 0}
35,material,"{'material': 0, 'materials': 0.21572208404541016}"
36,education,"{'education': 0, 'educational': 0.262884259223938}"
37,instant,{'instant': 0}
38,snacks,"{'snacks': 0, 'snack': 0.1869463324546814, 'drinks': 0.29044395685195923}"
39,breakfast,"{'breakfast': 0, 'dinner': 0.27813225984573364}"
40,garlic,"{'garlic': 0, 'onion': 0.22653919458389282, 'cloves': 0.23994797468185425, 'shallots': 0.2642599940299988, 'onions': 0.269375205039978, 'minced': 0.2796975374221802}"
41,time,"{'time': 0, 'when': 0.2455911636352539, 'before': 0.2708927392959595, 'but': 0.2922431230545044, 'just': 0.2972482442855835}"
42,deposits,"{'deposits': 0, 'deposit': 0.21654343605041504}"
43,telecommunications,"{'telecommunications': 0, 'telecommunication': 0.21234220266342163, 'telecom': 0.24283915758132935, 'telecoms': 0.2847760319709778}"
44,food,{'food': 0}
45,services,"{'services': 0, 'service': 0.20115679502487183}"
46,coconut,{'coconut': 0}
47,milk,{'milk': 0}
48,cream,"{'cream': 0, 'chocolate': 0.2949552536010742}"
49,electricity,{'electricity': 0}
50,demand,{'demand': 0}
51,deep,{'deep': 0}
52,conditioners,"{'conditioners': 0, 'refrigerators': 0.2613806128501892}"
53,treatments,"{'treatments': 0, 'therapies': 0.2037237286567688, 'therapy': 0.28211212158203125}"
54,math,{'math': 0}
55,survey,"{'survey': 0, 'surveys': 0.18968325853347778}"
56,drawing,"{'drawing': 0, 'drawn': 0.24480831623077393, 'drew': 0.28167784214019775}"
57,institute,"{'institute': 0, 'research': 0.2868090867996216}"
58,pumps,"{'pumps': 0, 'pump': 0.24433213472366333}"
59,others,"{'others': 0, 'other': 0.25620758533477783, 'many': 0.2628936171531677, 'some': 0.2874862551689148, 'those': 0.28794509172439575}"
60,total,{'total': 0}
61,expenditure,"{'expenditure': 0, 'expenditures': 0.15087151527404785}"
62,government,{'government': 0}
63,net,{'net': 0}
64,claims,"{'claims': 0, 'claim': 0.17464500665664673, 'claiming': 0.2550960183143616}"
65,womens,{'womens': 0}
66,backpacks,"{'backpacks': 0, 'backpack': 0.29082560539245605}"
67,pasta,{'pasta': 0}
68,hot,{'hot': 0}
69,chocolate,"{'chocolate': 0, 'cream': 0.2949552536010742}"
70,malted,{'malted': 0}
71,drinks,"{'drinks': 0, 'drink': 0.1738947033882141, 'beverages': 0.21005022525787354, 'snacks': 0.29044395685195923}"
72,dried,{'dried': 0}
73,fruits,"{'fruits': 0, 'fruit': 0.17594575881958008, 'vegetables': 0.23734700679779053}"
74,puffed,{'puffed': 0}
75,undifferentiated,{'undifferentiated': 0}
76,production,{'production': 0}
77,activities,"{'activities': 0, 'activity': 0.2955514192581177}"
78,private,{'private': 0}
79,households,{'households': 0}
80,employers,{'employers': 0}
81,insurance,"{'insurance': 0, 'insurers': 0.25581640005111694}"
82,retailing,{'retailing': 0}
83,formal,{'formal': 0}
84,shoes,"{'shoes': 0, 'sneakers': 0.26780951023101807, 'shoe': 0.27579545974731445, 'boots': 0.2884833812713623}"
85,snack,"{'snack': 0, 'snacks': 0.1869463324546814}"
86,foods,{'foods': 0}
87,sweet,{'sweet': 0}
88,dishes,"{'dishes': 0, 'dish': 0.20985525846481323}"
89,desserts,"{'desserts': 0, 'dessert': 0.22949343919754028, 'appetizers': 0.2782937288284302, 'soups': 0.29935556650161743}"
90,primary,{'primary': 0}
91,goods,{'goods': 0}
92,insoles,{'insoles': 0}
93,cakes,"{'cakes': 0, 'cake': 0.24939703941345215, 'pastries': 0.29424649477005005, 'pies': 0.29930806159973145}"
94,pastries,"{'pastries': 0, 'cakes': 0.29424649477005005, 'breads': 0.2963098883628845}"
95,general,{'general': 0}
96,triathlon,"{'triathlon': 0, 'ironman': 0.2841993570327759}"
97,misc,{'misc': 0}
98,mechanical,{'mechanical': 0}
99,engineering,{'engineering': 0}
100,india,"{'india': 0, 'indian': 0.2644176483154297, 'pakistan': 0.2714420557022095}"
101,ballet,{'ballet': 0}
102,flats,{'flats': 0}
103,mining,{'mining': 0}
104,quarrying,{'quarrying': 0}
105,antiseptics,{'antiseptics': 0}
106,disinfectants,{'disinfectants': 0}
107,dals,{'dals': 0}
108,pulses,{'pulses': 0}
109,beverage,"{'beverage': 0, 'beverages': 0.2686610221862793}"
110,renewable,{'renewable': 0}
111,energy,{'energy': 0}
112,group,"{'group': 0, 'groups': 0.26074981689453125}"
113,yearly,"{'yearly': 0, 'annual': 0.18689805269241333, 'annually': 0.28430289030075073, 'monthly': 0.2918779253959656}"
114,first,"{'first': 0, 'second': 0.14927279949188232, 'third': 0.23033607006072998, 'fourth': 0.28681933879852295, 'came': 0.29807716608047485, 'last': 0.2985941767692566}"
115,sweets,{'sweets': 0}
116,assortments,{'assortments': 0}
117,pregnancy,"{'pregnancy': 0, 'pregnancies': 0.24155306816101074}"
118,tests,"{'tests': 0, 'test': 0.1342819333076477, 'testing': 0.1711256504058838}"
119,generation,{'generation': 0}
120,renewables,{'renewables': 0}
121,natural,{'natural': 0}
122,gas,{'gas': 0}
123,shoe,"{'shoe': 0, 'shoes': 0.27579545974731445}"
124,polishes,{'polishes': 0}
125,creams,"{'creams': 0, 'lotions': 0.2701418399810791}"
126,real,{'real': 0}
127,estate,"{'estate': 0, 'property': 0.26077449321746826}"
128,renting,{'renting': 0}
129,business,"{'business': 0, 'businesses': 0.2886296510696411}"
130,meat,"{'meat': 0, 'beef': 0.23690670728683472, 'pork': 0.28268569707870483}"
131,basic,{'basic': 0}
132,prices,"{'prices': 0, 'price': 0.18935424089431763}"
133,hair,{'hair': 0}
134,serums,{'serums': 0}
135,purpose,{'purpose': 0}
136,cleaners,{'cleaners': 0}
137,banks,"{'banks': 0, 'bank': 0.29609745740890503}"
138,loans,"{'loans': 0, 'loan': 0.21848416328430176, 'mortgages': 0.22740644216537476, 'lenders': 0.25636518001556396, 'borrowers': 0.2879372239112854}"
139,mobile,{'mobile': 0}
140,money,"{'money': 0, 'funds': 0.2154427170753479, 'cash': 0.2663784623146057}"
141,transaction,"{'transaction': 0, 'transactions': 0.2829601764678955}"
142,fruit,"{'fruit': 0, 'fruits': 0.17594575881958008}"
143,juice,"{'juice': 0, 'lemon': 0.29111772775650024}"
144,water,{'water': 0}
145,stain,"{'stain': 0, 'stains': 0.2970440983772278}"
146,fire,"{'fire': 0, 'fires': 0.2737315893173218}"
147,sorghum,{'sorghum': 0}
148,consumer,"{'consumer': 0, 'consumers': 0.254580557346344}"
149,durables,{'durables': 0}
150,candies,{'candies': 0}
151,mints,{'mints': 0}
152,footwear,"{'footwear': 0, 'apparel': 0.23369646072387695}"
153,brent,{'brent': 0}
154,europe,"{'europe': 0, 'european': 0.24412965774536133}"
155,industrial,{'industrial': 0}
156,products,"{'products': 0, 'product': 0.21344000101089478}"
157,month,"{'month': 0, 'week': 0.127729594707489, 'last': 0.13981598615646362, 'months': 0.1757180094718933, 'year': 0.20014965534210205, 'weeks': 0.2260257601737976, 'earlier': 0.26619309186935425, 'ago': 0.2711843252182007, 'days': 0.27573370933532715}"
158,agricultural,"{'agricultural': 0, 'agriculture': 0.2012416124343872, 'farming': 0.25619280338287354}"
159,machinery,{'machinery': 0}
160,training,{'training': 0}
161,financial,{'financial': 0}
162,securities,{'securities': 0}
163,currencies,"{'currencies': 0, 'currency': 0.23308807611465454}"
164,pickles,{'pickles': 0}
165,sling,{'sling': 0}
166,cross,{'cross': 0}
167,body,"{'body': 0, 'bodies': 0.2794008255004883}"
168,bags,"{'bags': 0, 'bag': 0.17957961559295654}"
169,loafers,{'loafers': 0}
170,moccasins,{'moccasins': 0}
171,deposit,"{'deposit': 0, 'deposits': 0.21654343605041504}"
172,accounts,"{'accounts': 0, 'account': 0.1504872441291809}"
173,wallets,"{'wallets': 0, 'pocketbooks': 0.2833290100097656}"
174,distribution,{'distribution': 0}
175,credit,{'credit': 0}
176,facilities,"{'facilities': 0, 'facility': 0.21701735258102417}"
177,borrowing,"{'borrowing': 0, 'lending': 0.29643088579177856, 'borrow': 0.2989042401313782}"
178,spices,"{'spices': 0, 'herbs': 0.29878920316696167}"
179,masalas,[]
180,horns,{'horns': 0}
181,regular,{'regular': 0}
182,plan,"{'plan': 0, 'plans': 0.16031605005264282, 'proposal': 0.21654784679412842, 'proposed': 0.2855251431465149}"
183,hold,"{'hold': 0, 'held': 0.2596827745437622}"
184,equpts,[]
185,electric,{'electric': 0}
186,hotels,"{'hotels': 0, 'hotel': 0.2629699110984802, 'resorts': 0.271692156791687, 'restaurants': 0.2960606813430786}"
187,school,"{'school': 0, 'schools': 0.23146790266036987, 'students': 0.2759917378425598, 'elementary': 0.28046005964279175, 'college': 0.28895139694213867}"
188,more,"{'more': 0, 'than': 0.09169942140579224, 'less': 0.1513369083404541, 'much': 0.24248343706130981, 'least': 0.24584698677062988, 'even': 0.2560880780220032, 'most': 0.2582201361656189, 'some': 0.26407814025878906, 'so': 0.2646836042404175, 'far': 0.27512985467910767, 'but': 0.2865027189254761}"
189,year,"{'year': 0, 'last': 0.17697662115097046, 'month': 0.20014965534210205, 'months': 0.22988414764404297, 'years': 0.23085981607437134, 'ago': 0.29312002658843994, 'since': 0.29960107803344727}"
190,massagers,{'massagers': 0}
191,pedometers,{'pedometers': 0}
192,health,"{'health': 0, 'care': 0.23670047521591187}"
193,washes,{'washes': 0}
194,export,"{'export': 0, 'exports': 0.15102618932724, 'import': 0.19911086559295654, 'imports': 0.2624167203903198}"
195,direct,"{'direct': 0, 'indirect': 0.2942602038383484}"
196,investment,"{'investment': 0, 'investments': 0.1721920371055603}"
197,lime,"{'lime': 0, 'lemon': 0.2826802730560303}"
198,fuel,"{'fuel': 0, 'gasoline': 0.29145723581314087}"
199,chocolates,{'chocolates': 0}
200,facial,{'facial': 0}
201,tissue,"{'tissue': 0, 'tissues': 0.15097332000732422}"
202,palm,"{'palm': 0, 'beach': 0.29870450496673584}"
203,ginger,{'ginger': 0}
204,trees,"{'trees': 0, 'tree': 0.1764317750930786}"
205,imported,"{'imported': 0, 'exported': 0.22413235902786255, 'imports': 0.24513304233551025, 'import': 0.2799881100654602}"
206,coal,{'coal': 0}
207,thermal,{'thermal': 0}
208,plants,"{'plants': 0, 'plant': 0.1621524691581726}"
209,paper,{'paper': 0}
210,pulp,{'pulp': 0}
211,overshoes,{'overshoes': 0}
212,football,"{'football': 0, 'soccer': 0.2317407727241516, 'basketball': 0.26589757204055786}"
213,borrowings,{'borrowings': 0}
214,fashion,{'fashion': 0}
215,slippers,{'slippers': 0}
216,wireless,"{'wireless': 0, 'broadband': 0.2853507399559021}"
217,hard,{'hard': 0}
218,borrowers,"{'borrowers': 0, 'lenders': 0.22470754384994507, 'mortgages': 0.2455654740333557, 'loans': 0.2879372239112854}"
219,discoms,[]
220,social,{'social': 0}
221,work,"{'work': 0, 'working': 0.18459928035736084, 'works': 0.26010459661483765}"
222,balance,{'balance': 0}
223,payment,"{'payment': 0, 'payments': 0.14769572019577026, 'pay': 0.29427486658096313}"
224,construction,{'construction': 0}
225,major,{'major': 0}
226,sectoral,{'sectoral': 0}
227,indices,"{'indices': 0, 'indexes': 0.2633189558982849}"
228,textiles,"{'textiles': 0, 'textile': 0.20977437496185303, 'garments': 0.2812380790710449}"
229,surpl,[]
230,liquidity,{'liquidity': 0}
231,optfut,[]
232,talcum,{'talcum': 0}
233,powders,{'powders': 0}
234,active,{'active': 0}
235,public,{'public': 0}
236,three,"{'three': 0, 'four': 0.02507483959197998, 'five': 0.046698808670043945, 'two': 0.051366984844207764, 'six': 0.06436765193939209, 'seven': 0.09074676036834717, 'eight': 0.096798837184906, 'nine': 0.129175066947937, 'one': 0.23674070835113525, 'several': 0.29297351837158203, 'ten': 0.2936479449272156}"
237,tier,{'tier': 0}
238,economy,"{'economy': 0, 'economic': 0.2511448264122009}"
239,merchandise,{'merchandise': 0}
240,industry,{'industry': 0}
241,cheques,{'cheques': 0}
242,cleared,{'cleared': 0}
243,second,"{'second': 0, 'third': 0.05832034349441528, 'fourth': 0.10908466577529907, 'first': 0.14927279949188232, 'fifth': 0.18157702684402466, 'sixth': 0.23012518882751465, 'seventh': 0.26304954290390015}"
244,machine,"{'machine': 0, 'machines': 0.2517482042312622}"
245,tools,"{'tools': 0, 'tool': 0.21242928504943848}"
246,iced,{'iced': 0}
247,tea,{'tea': 0}
248,lemonade,{'lemonade': 0}
249,powdered,{'powdered': 0}
250,drink,"{'drink': 0, 'drinks': 0.1738947033882141, 'drinking': 0.2916370630264282}"
251,bath,{'bath': 0}
252,oils,{'oils': 0}
253,indian,"{'indian': 0, 'india': 0.2644176483154297}"
254,nickel,{'nickel': 0}
255,night,"{'night': 0, 'evening': 0.23809552192687988, 'saturday': 0.26550233364105225, 'sunday': 0.28291386365890503, 'afternoon': 0.28982818126678467, 'morning': 0.296588659286499}"
256,groundnuts,{'groundnuts': 0}
257,nutrition,{'nutrition': 0}
258,bars,{'bars': 0}
259,oats,{'oats': 0}
260,porridge,{'porridge': 0}
261,transportation,"{'transportation': 0, 'transport': 0.2859407067298889}"
262,average,{'average': 0}
263,wheat,"{'wheat': 0, 'corn': 0.2253085970878601, 'grain': 0.24814462661743164, 'soybean': 0.2920193672180176, 'soybeans': 0.29604607820510864}"
264,boilers,"{'boilers': 0, 'boiler': 0.2823575735092163}"
265,steam,{'steam': 0}
266,antiperspirants,{'antiperspirants': 0}
267,interest,{'interest': 0}
268,rates,"{'rates': 0, 'rate': 0.12664371728897095}"
269,fish,{'fish': 0}
270,meal,"{'meal': 0, 'meals': 0.2504539489746094}"
271,clogs,{'clogs': 0}
272,mules,"{'mules': 0, 'donkeys': 0.2877070903778076}"
273,week,"{'week': 0, 'month': 0.127729594707489, 'last': 0.15755188465118408, 'weeks': 0.1779472827911377, 'friday': 0.205480694770813, 'thursday': 0.20561569929122925, 'monday': 0.20725882053375244, 'tuesday': 0.2123672366142273, 'wednesday': 0.21640604734420776, 'weekend': 0.24156337976455688, 'days': 0.24442076683044434, 'earlier': 0.2566552758216858, 'day': 0.2630898356437683, 'sunday': 0.2752034664154053, 'months': 0.27539002895355225, 'saturday': 0.2929150462150574, 'after': 0.29309195280075073, 'ago': 0.29989564418792725}"
274,intermediate,{'intermediate': 0}
275,ore,{'ore': 0}
276,agriculture,"{'agriculture': 0, 'agricultural': 0.2012416124343872}"
277,materials,"{'materials': 0, 'material': 0.21572208404541016}"
278,timber,{'timber': 0}
279,gold,"{'gold': 0, 'silver': 0.15190589427947998}"
280,manufacturing,{'manufacturing': 0}
281,syrups,{'syrups': 0}
282,concentrates,{'concentrates': 0}
283,beef,"{'beef': 0, 'meat': 0.23690670728683472, 'pork': 0.2646033763885498}"
284,motor,{'motor': 0}
285,soybeans,"{'soybeans': 0, 'soybean': 0.21927857398986816, 'corn': 0.2527313828468323, 'wheat': 0.29604607820510864}"
286,hand,"{'hand': 0, 'hands': 0.25261348485946655}"
287,care,"{'care': 0, 'health': 0.23670047521591187}"
288,vegetable,"{'vegetable': 0, 'vegetables': 0.2822268009185791}"
289,vanaspathi,[]
290,years,"{'years': 0, 'ago': 0.19609946012496948, 'months': 0.20007920265197754, 'year': 0.23085981607437134, 'decades': 0.24343383312225342, 'decade': 0.24486178159713745, 'since': 0.26103293895721436, 'days': 0.29532766342163086}"
291,up,"{'up': 0, 'down': 0.2530791163444519, 'out': 0.26485055685043335}"
292,processing,{'processing': 0}
293,equity,{'equity': 0}
294,mayonnaise,{'mayonnaise': 0}
295,groundnut,{'groundnut': 0}
296,exchange,{'exchange': 0}
297,ethnic,{'ethnic': 0}
298,instruments,"{'instruments': 0, 'instrument': 0.17632877826690674}"
299,cricket,{'cricket': 0}
300,domestic,{'domestic': 0}
301,assets,{'assets': 0}
302,dish,"{'dish': 0, 'dishes': 0.20985525846481323}"
303,gilt,{'gilt': 0}
304,trail,{'trail': 0}
305,mix,"{'mix': 0, 'mixture': 0.23877602815628052}"
306,aluminum,"{'aluminum': 0, 'aluminium': 0.15508627891540527}"
307,flakes,{'flakes': 0}
308,masks,"{'masks': 0, 'mask': 0.2910615801811218}"
309,packs,"{'packs': 0, 'pack': 0.2576749324798584}"
310,pharma,{'pharma': 0}
311,trading,{'trading': 0}
312,concentrated,{'concentrated': 0}
313,squash,{'squash': 0}
314,hunting,"{'hunting': 0, 'hunters': 0.29150301218032837}"
315,forestry,{'forestry': 0}
316,photographic,{'photographic': 0}
317,film,"{'film': 0, 'movie': 0.14112138748168945, 'films': 0.1601279377937317, 'movies': 0.2832610011100769}"
318,fruity,{'fruity': 0}
319,metallurgical,{'metallurgical': 0}
320,industries,"{'industries': 0, 'sectors': 0.2900158762931824}"
321,fat,{'fat': 0}
322,analyzers,{'analyzers': 0}
323,futcom,[]
324,interbanks,[]
325,infrastructure,"{'infrastructure': 0, 'infrastructures': 0.2704521417617798}"
326,treasury,{'treasury': 0}
327,bill,"{'bill': 0, 'legislation': 0.24347937107086182}"
328,mineral,"{'mineral': 0, 'minerals': 0.24441367387771606}"
329,sneakers,"{'sneakers': 0, 'shoes': 0.26780951023101807}"
330,shampoo,{'shampoo': 0}
331,conditioner,{'conditioner': 0}
332,beauty,{'beauty': 0}
333,ghee,{'ghee': 0}
334,decoration,"{'decoration': 0, 'decorations': 0.20473164319992065}"
335,charms,{'charms': 0}
336,metals,{'metals': 0}
337,minerals,"{'minerals': 0, 'mineral': 0.24441367387771606}"
338,base,"{'base': 0, 'bases': 0.2991347312927246}"
339,accounting,{'accounting': 0}
340,rice,{'rice': 0}
341,chips,"{'chips': 0, 'chip': 0.20864653587341309}"
342,crackers,{'crackers': 0}
343,vinegars,{'vinegars': 0}
344,priority,{'priority': 0}
345,debt,"{'debt': 0, 'debts': 0.17527902126312256}"
346,indigrid,[]
347,canned,{'canned': 0}
348,jarred,{'jarred': 0}
349,solar,{'solar': 0}
350,deficit,"{'deficit': 0, 'deficits': 0.20760446786880493}"
351,zinc,{'zinc': 0}
352,petrol,"{'petrol': 0, 'gasoline': 0.23572182655334473}"
353,urea,{'urea': 0}
354,dry,{'dry': 0}
355,shampoos,"{'shampoos': 0, 'lotions': 0.2848008871078491}"
356,face,"{'face': 0, 'faces': 0.16643476486206055, 'facing': 0.24859410524368286, 'faced': 0.26494306325912476}"
357,travel,{'travel': 0}
358,hospitality,{'hospitality': 0}
359,ceramics,"{'ceramics': 0, 'pottery': 0.23772424459457397, 'ceramic': 0.2738516330718994}"
360,fermentation,{'fermentation': 0}
361,breakeven,{'breakeven': 0}
362,fiscal,{'fiscal': 0}
363,price,"{'price': 0, 'prices': 0.18935424089431763}"
364,salsas,{'salsas': 0}
365,dips,{'dips': 0}
366,spreads,{'spreads': 0}
367,legal,{'legal': 0}
368,custard,{'custard': 0}
369,gifts,"{'gifts': 0, 'gift': 0.22524511814117432}"
370,foundation,{'foundation': 0}
371,outstanding,{'outstanding': 0}
372,south,"{'south': 0, 'north': 0.18872886896133423}"
373,african,"{'african': 0, 'africa': 0.22078686952590942}"
374,feminine,"{'feminine': 0, 'masculine': 0.14435452222824097}"
375,hygiene,{'hygiene': 0}
376,flour,{'flour': 0}
377,gdam,[]
378,cereal,"{'cereal': 0, 'cereals': 0.2402188777923584}"
379,fishing,"{'fishing': 0, 'fishermen': 0.2731359601020813}"
380,qcb,[]
381,liabilities,{'liabilities': 0}
382,glass,{'glass': 0}
383,potlis,[]
384,wristlets,[]
385,courier,{'courier': 0}
386,number,"{'number': 0, 'numbers': 0.2599363923072815}"
387,chemicals,"{'chemicals': 0, 'chemical': 0.2510240077972412}"
388,fertilizer,"{'fertilizer': 0, 'fertilizers': 0.22394448518753052, 'fertiliser': 0.2244834303855896}"
389,logs,{'logs': 0}
390,malaysian,"{'malaysian': 0, 'malaysia': 0.2538735270500183}"
391,blushes,{'blushes': 0}
392,herbal,{'herbal': 0}
393,pain,{'pain': 0}
394,relief,{'relief': 0}
395,combined,{'combined': 0}
396,cement,{'cement': 0}
397,precio,{'precio': 0}
398,dishwash,[]
399,liquids,{'liquids': 0}
400,gels,{'gels': 0}
401,meals,"{'meals': 0, 'meal': 0.2504539489746094}"
402,popcorn,{'popcorn': 0}
403,earth,"{'earth': 0, 'planet': 0.2413851022720337}"
404,moving,{'moving': 0}
405,granola,{'granola': 0}
406,kits,{'kits': 0}
407,keto,{'keto': 0}
408,thai,"{'thai': 0, 'thailand': 0.2761206030845642}"
409,mat,{'mat': 0}
410,basketball,"{'basketball': 0, 'football': 0.26589757204055786}"
411,cargo,{'cargo': 0}
412,traffic,{'traffic': 0}
413,allied,{'allied': 0}
414,baby,"{'baby': 0, 'babies': 0.26819735765457153}"
415,girls,"{'girls': 0, 'boys': 0.15144306421279907, 'girl': 0.27727073431015015}"
416,running,"{'running': 0, 'ran': 0.24924182891845703}"
417,rural,{'rural': 0}
418,rainfall,"{'rainfall': 0, 'precipitation': 0.15914738178253174, 'rains': 0.26998603343963623, 'snowfall': 0.2892969846725464}"
419,wholesale,{'wholesale': 0}
420,retail,"{'retail': 0, 'retailers': 0.29754555225372314}"
421,trade,{'trade': 0}
422,repair,"{'repair': 0, 'repairs': 0.27257323265075684, 'repairing': 0.2869134545326233}"
423,vehicles,"{'vehicles': 0, 'cars': 0.16725051403045654, 'vehicle': 0.1812601089477539, 'trucks': 0.21272993087768555}"
424,motorcycles,"{'motorcycles': 0, 'motorbikes': 0.1923850178718567, 'bicycles': 0.26978766918182373, 'bikes': 0.29087215662002563}"
425,personal,{'personal': 0}
426,household,{'household': 0}
427,branches,{'branches': 0}
428,track,"{'track': 0, 'tracks': 0.2567736506462097}"
429,field,{'field': 0}
430,australian,"{'australian': 0, 'australia': 0.2629638910293579}"
431,auto,"{'auto': 0, 'automobile': 0.2293422818183899, 'automotive': 0.29703521728515625}"
432,gypsum,{'gypsum': 0}
433,olives,{'olives': 0}
434,permanent,"{'permanent': 0, 'temporary': 0.27263230085372925}"
435,colour,"{'colour': 0, 'color': 0.18875789642333984}"
436,platinum,{'platinum': 0}
437,overnight,{'overnight': 0}
438,heart,{'heart': 0}
439,rate,"{'rate': 0, 'rates': 0.12664371728897095}"
440,monitors,"{'monitors': 0, 'monitor': 0.21790772676467896, 'monitoring': 0.2981163263320923}"
441,sandals,{'sandals': 0}
442,floaters,{'floaters': 0}
443,hotel,"{'hotel': 0, 'hotels': 0.2629699110984802}"
444,tourism,"{'tourism': 0, 'tourist': 0.28882598876953125}"
445,changes,"{'changes': 0, 'change': 0.16513264179229736}"
446,supply,"{'supply': 0, 'supplies': 0.2021045684814453}"
447,caramels,{'caramels': 0}
448,containers,"{'containers': 0, 'container': 0.1990736722946167}"
449,miscellaneo,[]
450,cedit,[]
451,card,"{'card': 0, 'cards': 0.14295393228530884}"
452,contact,{'contact': 0}
453,lenses,"{'lenses': 0, 'lens': 0.29674768447875977}"
454,tennis,{'tennis': 0}
455,community,"{'community': 0, 'communities': 0.2474374771118164}"
456,service,"{'service': 0, 'services': 0.20115679502487183}"
457,flip,{'flip': 0}
458,flops,"{'flops': 0, 'flop': 0.28271275758743286}"
459,less,"{'less': 0, 'more': 0.1513369083404541, 'than': 0.15233486890792847, 'much': 0.24002665281295776, 'even': 0.2802988290786743, 'far': 0.2809382677078247}"
460,except,"{'except': 0, 'exception': 0.2850680351257324}"
461,fertilizers,"{'fertilizers': 0, 'fertilizer': 0.22394448518753052, 'pesticides': 0.25121748447418213, 'fertilisers': 0.2584964632987976}"
462,reer,{'reer': 0}
463,satchels,{'satchels': 0}
464,cocoa,{'cocoa': 0}
465,shrimps,"{'shrimps': 0, 'prawns': 0.2784770727157593}"
466,mexican,"{'mexican': 0, 'mexico': 0.2738509178161621}"
467,spends,{'spends': 0}
468,coffee,{'coffee': 0}
469,espresso,"{'espresso': 0, 'cappuccino': 0.2872821092605591}"
470,daily,"{'daily': 0, 'newspaper': 0.25380271673202515}"
471,avgrage,[]
472,professional,{'professional': 0}
473,forecasters,"{'forecasters': 0, 'meteorologists': 0.2829837203025818}"
474,hampers,{'hampers': 0}
475,gourmet,{'gourmet': 0}
476,nuts,{'nuts': 0}
477,seeds,"{'seeds': 0, 'seed': 0.24030548334121704}"
478,athletic,{'athletic': 0}
479,outdoor,"{'outdoor': 0, 'indoor': 0.24795806407928467}"
480,lollipops,{'lollipops': 0}
481,chutneys,{'chutneys': 0}
482,baking,"{'baking': 0, 'bake': 0.28939497470855713}"
483,supplies,"{'supplies': 0, 'supply': 0.2021045684814453}"
484,gems,"{'gems': 0, 'gem': 0.2868509888648987}"
485,jewellery,"{'jewellery': 0, 'jewelry': 0.14502853155136108}"
486,top,{'top': 0}
487,handle,"{'handle': 0, 'handled': 0.2890397906303406}"
488,dal,{'dal': 0}
489,curries,{'curries': 0}
490,single,{'single': 0}
491,boys,"{'boys': 0, 'girls': 0.15144306421279907}"
492,weighing,"{'weighing': 0, 'weigh': 0.17727607488632202, 'weighed': 0.20556020736694336, 'weighs': 0.22572636604309082}"
493,scales,{'scales': 0}
494,users,"{'users': 0, 'user': 0.21474993228912354}"
495,cooking,{'cooking': 0}
496,walking,"{'walking': 0, 'walk': 0.2387111783027649}"
497,vegetables,"{'vegetables': 0, 'fruits': 0.23734700679779053, 'vegetable': 0.2822268009185791, 'potatoes': 0.29288792610168457}"
498,skateboarding,"{'skateboarding': 0, 'skateboard': 0.24582308530807495}"
499,advertising,"{'advertising': 0, 'ads': 0.22509229183197021, 'advertisements': 0.25320661067962646, 'marketing': 0.28407448530197144}"
500,workout,"{'workout': 0, 'workouts': 0.1839209794998169}"
501,carpet,{'carpet': 0}
502,dye,{'dye': 0}
503,stuffs,{'stuffs': 0}
504,extracts,{'extracts': 0}
505,flavoring,{'flavoring': 0}
506,dap,{'dap': 0}
507,months,"{'months': 0, 'weeks': 0.11486184597015381, 'month': 0.1757180094718933, 'days': 0.19148796796798706, 'years': 0.20007920265197754, 'year': 0.22988414764404297, 'last': 0.24407196044921875, 'ago': 0.2649767994880676, 'week': 0.27539002895355225}"
508,pan,{'pan': 0}
509,tobacco,"{'tobacco': 0, 'cigarette': 0.26154911518096924}"
510,intoxicants,{'intoxicants': 0}
511,styling,{'styling': 0}
512,development,{'development': 0}
513,townships,"{'townships': 0, 'township': 0.25613194704055786}"
514,housing,{'housing': 0}
515,built,"{'built': 0, 'constructed': 0.15121227502822876}"
516,projects,"{'projects': 0, 'project': 0.19343101978302002}"
517,casual,{'casual': 0}
518,investments,"{'investments': 0, 'investment': 0.1721920371055603, 'investing': 0.28323161602020264}"
519,oximeters,[]
520,administration,{'administration': 0}
521,defence,"{'defence': 0, 'defense': 0.18584179878234863}"
522,compulsory,{'compulsory': 0}
523,security,{'security': 0}
524,pastes,{'pastes': 0}
525,sauces,"{'sauces': 0, 'soups': 0.2512800693511963, 'condiments': 0.28929781913757324}"
526,hardware,{'hardware': 0}
527,networking,{'networking': 0}
528,factors,"{'factors': 0, 'factor': 0.24655258655548096}"
529,affecting,"{'affecting': 0, 'affects': 0.2484624981880188, 'affect': 0.2671387195587158, 'affected': 0.27273881435394287}"
530,colours,"{'colours': 0, 'colors': 0.16322284936904907}"
531,dyes,"{'dyes': 0, 'pigments': 0.2791314125061035}"
532,aluminium,"{'aluminium': 0, 'aluminum': 0.15508627891540527, 'alloy': 0.2967004179954529}"
533,foil,{'foil': 0}
534,power,{'power': 0}
535,components,"{'components': 0, 'component': 0.2284875512123108}"
536,sunscreen,{'sunscreen': 0}
537,sanitary,{'sanitary': 0}
538,napkins,{'napkins': 0}
539,colombo,{'colombo': 0}
540,kolkata,"{'kolkata': 0, 'calcutta': 0.27236831188201904}"
541,reservoir,{'reservoir': 0}
542,computer,"{'computer': 0, 'computers': 0.17518466711044312, 'software': 0.26655805110931396}"
543,software,"{'software': 0, 'computer': 0.26655805110931396}"
544,sleep,{'sleep': 0}
545,snoring,{'snoring': 0}
546,fresher,{'fresher': 0}
547,wash,{'wash': 0}
548,soap,{'soap': 0}
549,cosmetics,{'cosmetics': 0}
550,toiletries,{'toiletries': 0}
551,transactions,"{'transactions': 0, 'transaction': 0.2829601764678955}"
552,car,"{'car': 0, 'cars': 0.21728378534317017, 'vehicle': 0.23446327447891235, 'truck': 0.26493799686431885, 'driver': 0.2885216474533081}"
553,medical,{'medical': 0}
554,viet,"{'viet': 0, 'cong': 0.18262732028961182}"
555,namese,[]
556,blood,{'blood': 0}
557,pressure,{'pressure': 0}
558,hybrid,"{'hybrid': 0, 'hybrids': 0.23083895444869995}"
559,currency,"{'currency': 0, 'currencies': 0.23308807611465454}"
560,circulation,{'circulation': 0}
561,boot,{'boot': 0}
562,jacks,{'jacks': 0}
563,liquefied,"{'liquefied': 0, 'liquified': 0.19505095481872559, 'lng': 0.2125180959701538, 'lpg': 0.2825096845626831}"
564,japan,"{'japan': 0, 'japanese': 0.230859637260437}"
565,overdraft,{'overdraft': 0}
566,value,{'value': 0}
567,tsp,{'tsp': 0}
568,glucose,{'glucose': 0}
569,option,"{'option': 0, 'options': 0.21877694129943848}"
570,contracts,"{'contracts': 0, 'contract': 0.21143054962158203}"
571,lots,"{'lots': 0, 'lot': 0.2721729278564453, 'plenty': 0.27909183502197266}"
572,drugs,"{'drugs': 0, 'drug': 0.16177785396575928, 'medications': 0.2893223166465759}"
573,pharmaceuticals,"{'pharmaceuticals': 0, 'pharmaceutical': 0.2942661643028259}"
574,sugars,{'sugars': 0}
575,sweeteners,"{'sweeteners': 0, 'sweetener': 0.2569969892501831}"
576,derivatives,"{'derivatives': 0, 'derivative': 0.26222455501556396}"
577,eye,{'eye': 0}
578,boots,"{'boots': 0, 'shoes': 0.2884833812713623}"
579,hobos,{'hobos': 0}
580,shoulder,"{'shoulder': 0, 'elbow': 0.26297491788864136, 'knee': 0.27267080545425415}"
581,automobile,"{'automobile': 0, 'auto': 0.2293422818183899}"
582,futures,{'futures': 0}
583,cereals,"{'cereals': 0, 'cereal': 0.2402188777923584}"
584,totes,{'totes': 0}
585,muesli,{'muesli': 0}
586,index,{'index': 0}
587,chemical,"{'chemical': 0, 'chemicals': 0.2510240077972412}"
588,fert,{'fert': 0}
589,banana,{'banana': 0}
590,paytm,[]
591,biscuits,{'biscuits': 0}
592,cookies,"{'cookies': 0, 'cookie': 0.25269508361816406}"
593,escerts,[]
594,light,{'light': 0}
595,with,{'with': 0}
596,stock,"{'stock': 0, 'shares': 0.2474314570426941, 'stocks': 0.28345078229904175}"
597,market,"{'market': 0, 'markets': 0.17003732919692993}"
598,capitalization,{'capitalization': 0}
599,alternative,"{'alternative': 0, 'alternatives': 0.2660355567932129}"
600,medicine,{'medicine': 0}
601,recruitment,"{'recruitment': 0, 'recruiting': 0.27567553520202637}"
602,foodgrains,{'foodgrains': 0}
603,silver,"{'silver': 0, 'gold': 0.15190589427947998, 'bronze': 0.26398134231567383}"
604,chicken,{'chicken': 0}
605,electrical,{'electrical': 0}
606,barley,{'barley': 0}
607,lotions,"{'lotions': 0, 'creams': 0.2701418399810791, 'shampoos': 0.2848008871078491}"
608,tonics,{'tonics': 0}
609,current,{'current': 0}
610,account,"{'account': 0, 'accounts': 0.1504872441291809}"
611,banking,{'banking': 0}
612,espadrille,{'espadrille': 0}
613,electrolyte,{'electrolyte': 0}
614,replacements,"{'replacements': 0, 'replacement': 0.28464794158935547}"
615,dam,"{'dam': 0, 'dams': 0.29252398014068604}"
616,scientific,{'scientific': 0}
617,intermediaries,{'intermediaries': 0}
618,jelly,{'jelly': 0}
619,beans,{'beans': 0}
620,child,"{'child': 0, 'children': 0.2549671530723572}"
621,saving,{'saving': 0}
622,soaps,{'soaps': 0}
623,nutritional,{'nutritional': 0}
624,yeast,{'yeast': 0}
625,therapeutic,{'therapeutic': 0}
626,skin,{'skin': 0}
627,color,"{'color': 0, 'colour': 0.18875789642333984, 'colors': 0.2732864022254944}"
628,outlook,{'outlook': 0}
629,mettallurgical,[]
630,clothing,"{'clothing': 0, 'clothes': 0.18087583780288696, 'apparel': 0.2651571035385132}"
631,laces,{'laces': 0}
632,sanitizers,{'sanitizers': 0}
633,world,{'world': 0}
634,salad,"{'salad': 0, 'salads': 0.2818334102630615}"
635,dressings,{'dressings': 0}
636,washeries,[]
637,mutual,{'mutual': 0}
638,funds,"{'funds': 0, 'fund': 0.16651755571365356, 'money': 0.2154427170753479}"
639,rubber,{'rubber': 0}
640,bandages,"{'bandages': 0, 'bandage': 0.25654369592666626}"
641,bandaging,{'bandaging': 0}
642,clearings,{'clearings': 0}
643,bubble,{'bubble': 0}
644,tin,{'tin': 0}
645,fitting,{'fitting': 0}
646,devices,"{'devices': 0, 'device': 0.16724854707717896}"
647,category,"{'category': 0, 'categories': 0.25542062520980835}"
648,golf,{'golf': 0}
649,balanced,{'balanced': 0}
650,bathroom,{'bathroom': 0}
651,cumulative,{'cumulative': 0}
652,rapeseed,{'rapeseed': 0}
653,beverages,"{'beverages': 0, 'drinks': 0.21005022525787354, 'beverage': 0.2686610221862793}"
654,mochi,{'mochi': 0}
655,cotton,{'cotton': 0}
656,solution,"{'solution': 0, 'solutions': 0.25516098737716675}"
657,oriented,{'oriented': 0}
658,schemes,"{'schemes': 0, 'scheme': 0.1896982192993164}"
659,steamgen,[]
660,rategain,[]
661,childrens,{'childrens': 0}
662,oral,{'oral': 0}
663,holdings,{'holdings': 0}
664,sponge,{'sponge': 0}
665,soup,{'soup': 0}
666,executive,"{'executive': 0, 'ceo': 0.21025210618972778, 'chief': 0.29675227403640747}"
667,lead,{'lead': 0}
668,sunflower,{'sunflower': 0}
669,whole,"{'whole': 0, 'entire': 0.22582310438156128}"
670,grains,{'grains': 0}
671,architecture,"{'architecture': 0, 'architectural': 0.24368160963058472}"
672,leather,{'leather': 0}
673,broadband,"{'broadband': 0, 'wireless': 0.2853507399559021}"
674,liquorice,{'liquorice': 0}
675,breath,{'breath': 0}
676,fresheners,{'fresheners': 0}
677,gooseberry,{'gooseberry': 0}
678,badminton,{'badminton': 0}
679,lerner,{'lerner': 0}
680,trekking,{'trekking': 0}
681,hiking,"{'hiking': 0, 'biking': 0.22647184133529663}"
682,inflation,{'inflation': 0}
683,discounted,{'discounted': 0}
684,container,"{'container': 0, 'containers': 0.1990736722946167}"
685,phosphate,{'phosphate': 0}
686,rock,{'rock': 0}
687,central,{'central': 0}
688,epfo,[]
689,growth,{'growth': 0}
690,cartrade,[]
691,primers,{'primers': 0}
692,thong,{'thong': 0}
693,overall,{'overall': 0}
694,capital,{'capital': 0}
695,robusta,"{'robusta': 0, 'arabica': 0.27732932567596436}"
696,optcom,[]
697,individual,{'individual': 0}
698,auctions,"{'auctions': 0, 'auction': 0.1851348876953125}"
699,media,{'media': 0}
700,transport,"{'transport': 0, 'transportation': 0.2859407067298889}"
701,storag,[]
702,communications,"{'communications': 0, 'communication': 0.2615051865577698}"
703,fastag,[]
704,soybean,"{'soybean': 0, 'soybeans': 0.21927857398986816, 'corn': 0.27523940801620483, 'wheat': 0.2920193672180176}"
705,mapmyindia,[]
706,inbound,"{'inbound': 0, 'outbound': 0.13613390922546387}"
707,errors,"{'errors': 0, 'error': 0.252446711063385, 'mistakes': 0.2650207281112671, 'unforced': 0.2722313404083252}"
708,omissions,{'omissions': 0}
709,jams,{'jams': 0}
710,honey,{'honey': 0}
711,euro,{'euro': 0}
712,import,"{'import': 0, 'export': 0.19911086559295654, 'imports': 0.21298158168792725, 'imported': 0.2799881100654602}"
713,cola,"{'cola': 0, 'coca': 0.18602246046066284, 'pepsi': 0.2153809666633606, 'coke': 0.25773268938064575}"
714,soft,{'soft': 0}
715,boat,"{'boat': 0, 'boats': 0.15187430381774902, 'vessel': 0.2956324815750122}"
716,complete,{'complete': 0}
717,plywood,{'plywood': 0}
718,mindspace,[]
719,glue,{'glue': 0}
720,arabica,"{'arabica': 0, 'robusta': 0.27732932567596436}"
721,petroleum,"{'petroleum': 0, 'oil': 0.2923089265823364}"
722,refinery,{'refinery': 0}
723,embassy,"{'embassy': 0, 'consulate': 0.25859904289245605, 'embassies': 0.28715217113494873}"
724,periodic,{'periodic': 0}
725,labour,"{'labour': 0, 'labor': 0.21354711055755615}"
726,force,"{'force': 0, 'forces': 0.27221912145614624}"
727,anubhuti,[]
728,chillies,{'chillies': 0}
729,burners,"{'burners': 0, 'burner': 0.2915760278701782}"
730,chyawanprash,[]
731,formulations,{'formulations': 0}
732,core,{'core': 0}
733,spot,"{'spot': 0, 'spots': 0.2586366534233093}"
734,brushes,{'brushes': 0}
735,orange,{'orange': 0}
736,marine,{'marine': 0}
737,post,{'post': 0}
738,recovery,{'recovery': 0}
739,extra,"{'extra': 0, 'additional': 0.2996012568473816}"
740,territorial,{'territorial': 0}
741,organizations,"{'organizations': 0, 'organisations': 0.17722463607788086, 'organization': 0.25663167238235474, 'groups': 0.2833588123321533}"
742,bodies,"{'bodies': 0, 'corpses': 0.24807876348495483, 'body': 0.2794008255004883}"
743,scheduled,"{'scheduled': 0, 'slated': 0.2257494330406189}"
744,thermometers,{'thermometers': 0}
745,industryit,[]
746,excluding,"{'excluding': 0, 'excludes': 0.29107964038848877}"
747,poultry,"{'poultry': 0, 'chickens': 0.26259976625442505}"
748,seafood,{'seafood': 0}
749,juices,{'juices': 0}
750,equipments,{'equipments': 0}
751,cleaning,{'cleaning': 0}
752,fluids,"{'fluids': 0, 'fluid': 0.2985485792160034}"
753,taffy,{'taffy': 0}
754,mass,{'mass': 0}
755,weight,{'weight': 0}
756,gainers,"{'gainers': 0, 'decliners': 0.17544955015182495, 'losers': 0.22014164924621582}"
757,clutches,{'clutches': 0}
758,liquid,{'liquid': 0}
759,gum,"{'gum': 0, 'chewing': 0.26603978872299194}"
760,protein,"{'protein': 0, 'proteins': 0.18629515171051025}"
761,supplements,"{'supplements': 0, 'supplement': 0.24575960636138916}"
762,surgical,{'surgical': 0}
763,marshmallows,{'marshmallows': 0}
764,outbound,"{'outbound': 0, 'inbound': 0.13613390922546387}"
765,sleeper,{'sleeper': 0}
766,toffee,{'toffee': 0}
767,composite,{'composite': 0}
768,nut,{'nut': 0}
769,butters,{'butters': 0}
770,fertility,{'fertility': 0}
771,diesel,{'diesel': 0}
772,institutional,{'institutional': 0}
773,lipsticks,{'lipsticks': 0}
774,shipping,{'shipping': 0}
775,toe,{'toe': 0}
776,guards,"{'guards': 0, 'guard': 0.29124754667282104}"
777,printing,{'printing': 0}
778,main,{'main': 0}
779,economic,"{'economic': 0, 'economy': 0.2511448264122009}"
780,indicators,"{'indicators': 0, 'indicator': 0.2676214575767517}"
781,flours,{'flours': 0}
782,categories,"{'categories': 0, 'category': 0.25542062520980835}"
783,vistadome,[]
784,management,{'management': 0}
785,kernel,{'kernel': 0}
786,amino,"{'amino': 0, 'acids': 0.15548139810562134, 'residues': 0.28798532485961914}"
787,acids,"{'acids': 0, 'amino': 0.15548139810562134, 'fatty': 0.2443346381187439, 'acid': 0.2992108464241028}"
788,ready,"{'ready': 0, 'prepared': 0.26200103759765625}"
789,eat,"{'eat': 0, 'eating': 0.21915382146835327, 'ate': 0.269584059715271, 'eaten': 0.29570257663726807}"
790,cook,{'cook': 0}
791,depositors,{'depositors': 0}
792,prime,"{'prime': 0, 'minister': 0.20480376482009888}"
793,movers,{'movers': 0}
794,mixed,{'mixed': 0}
795,groups,"{'groups': 0, 'group': 0.26074981689453125, 'organizations': 0.2833588123321533}"
796,attar,{'attar': 0}
797,mango,"{'mango': 0, 'papaya': 0.27549272775650024}"
798,boxing,{'boxing': 0}
799,chair,"{'chair': 0, 'chairs': 0.25799626111984253}"
800,appliances,"{'appliances': 0, 'appliance': 0.28410476446151733, 'refrigerators': 0.29997557401657104}"
801,zomato,[]
802,infant,"{'infant': 0, 'newborn': 0.2544359564781189, 'infants': 0.2744492292404175}"
803,biret,[]
804,laundry,{'laundry': 0}
805,detergents,{'detergents': 0}
806,vitamins,"{'vitamins': 0, 'vitamin': 0.2241879105567932}"
807,concealer,{'concealer': 0}
808,telecom,"{'telecom': 0, 'telecommunications': 0.24283915758132935, 'telecoms': 0.29812490940093994}"
809,copper,{'copper': 0}
810,adult,{'adult': 0}
811,diapers,{'diapers': 0}
812,incontinence,{'incontinence': 0}
813,lamb,{'lamb': 0}
814,intermediation,{'intermediation': 0}
815,sandwich,"{'sandwich': 0, 'sandwiches': 0.22985023260116577}"
816,detergent,{'detergent': 0}
817,maize,{'maize': 0}
818,tyres,"{'tyres': 0, 'tires': 0.23231667280197144}"
819,fuels,{'fuels': 0}
820,customers,"{'customers': 0, 'customer': 0.23874109983444214, 'consumers': 0.27419453859329224}"
821,concor,[]
822,income,"{'income': 0, 'incomes': 0.2803846597671509}"
823,only,"{'only': 0, 'but': 0.2054140567779541, 'one': 0.22177821397781372, 'not': 0.23087388277053833, 'even': 0.2404170036315918, 'though': 0.2405325174331665, 'although': 0.2468380331993103, 'no': 0.27457255125045776, 'all': 0.2800915241241455, 'any': 0.28575801849365234, 'however': 0.2864986062049866, 'just': 0.2875809669494629, 'that': 0.2989053726196289, 'it': 0.2992994785308838, 'few': 0.2997957468032837}"
824,hearing,"{'hearing': 0, 'hearings': 0.2890934348106384}"
825,aids,"{'aids': 0, 'hiv': 0.12894362211227417}"
826,accessories,{'accessories': 0}
827,soups,"{'soups': 0, 'salads': 0.2018004059791565, 'sauces': 0.2512800693511963, 'stews': 0.2634838819503784, 'desserts': 0.29935556650161743}"
828,stews,"{'stews': 0, 'soups': 0.2634838819503784}"
829,chilis,{'chilis': 0}
830,chewing,"{'chewing': 0, 'gum': 0.26603978872299194}"
831,private,{'private': 0}
832,exchanges,{'exchanges': 0}
833,aviation,{'aviation': 0}
834,commodity,"{'commodity': 0, 'commodities': 0.2431146502494812}"
835,agro,{'agro': 0}
836,uncategorized,{'uncategorized': 0}
837,logistics,{'logistics': 0}
838,commodities,"{'commodities': 0, 'commodity': 0.2431146502494812}"
839,internet,"{'internet': 0, 'online': 0.2136521339416504, 'web': 0.21500027179718018}"
840,infotech,{'infotech': 0}
841,railways,"{'railways': 0, 'railway': 0.2977234125137329}"
842,broking,{'broking': 0}
843,store,"{'store': 0, 'stores': 0.1718205213546753, 'shop': 0.2549586296081543, 'grocery': 0.27755510807037354}"
844,locator,{'locator': 0}
845,eco,{'eco': 0}
846,refineries,{'refineries': 0}
847,fungicides,"{'fungicides': 0, 'insecticides': 0.2735998034477234}"
848,enrolment,{'enrolment': 0}
849,airports,"{'airports': 0, 'airport': 0.2839454412460327}"
850,fred,{'fred': 0}
851,employment,{'employment': 0}
852,buses,"{'buses': 0, 'bus': 0.22557693719863892}"
853,tractors,{'tractors': 0}
854,tv,"{'tv': 0, 'television': 0.08928096294403076, 'broadcast': 0.2780981659889221}"
855,segment,"{'segment': 0, 'segments': 0.20587551593780518}"
856,air,{'air': 0}
857,insecticides,"{'insecticides': 0, 'herbicides': 0.2222658395767212, 'pesticides': 0.24807977676391602, 'fungicides': 0.2735998034477234, 'insecticide': 0.2929254174232483}"
858,way,"{'way': 0, 'what': 0.2423054575920105, 'so': 0.24599075317382812, 'going': 0.26687389612197876, 'we': 0.273878812789917, 'it': 0.27529698610305786, 'how': 0.27919459342956543, 'things': 0.2837866544723511, 'just': 0.2920323610305786, 'even': 0.2952370047569275}"
859,bills,{'bills': 0}
860,grocery,"{'grocery': 0, 'supermarket': 0.21489888429641724, 'store': 0.27755510807037354}"
861,lignite,{'lignite': 0}
862,airlines,"{'airlines': 0, 'airline': 0.14899879693984985, 'airways': 0.25728839635849}"
863,bio,{'bio': 0}
864,pesticide,"{'pesticide': 0, 'pesticides': 0.2349851131439209}"
865,settlements,"{'settlements': 0, 'settlement': 0.21426105499267578}"
866,collection,"{'collection': 0, 'collections': 0.1472238302230835}"
867,plant,"{'plant': 0, 'plants': 0.1621524691581726}"
868,regulator,{'regulator': 0}
869,depository,{'depository': 0}
870,external,{'external': 0}
871,passengers,"{'passengers': 0, 'passenger': 0.24933570623397827}"
872,flows,"{'flows': 0, 'flow': 0.24895215034484863, 'flowing': 0.2635413408279419}"
873,petrochemicals,"{'petrochemicals': 0, 'petrochemical': 0.2733649015426636}"
874,forex,{'forex': 0}
875,handbags,"{'handbags': 0, 'handbag': 0.28247201442718506}"
876,roads,"{'roads': 0, 'highways': 0.18403804302215576}"
877,life,{'life': 0}
878,job,"{'job': 0, 'jobs': 0.242356538772583}"
879,listings,{'listings': 0}
880,customs,{'customs': 0}
881,monetary,"{'monetary': 0, 'imf': 0.29576051235198975}"
882,rail,"{'rail': 0, 'railway': 0.274544358253479}"
883,resources,"{'resources': 0, 'resource': 0.2379467487335205}"
884,coking,{'coking': 0}
885,rodenticides,{'rodenticides': 0}
886,imports,"{'imports': 0, 'exports': 0.12609070539474487, 'import': 0.21298158168792725, 'imported': 0.24513304233551025, 'export': 0.2624167203903198}"
887,essential,"{'essential': 0, 'vital': 0.2733578681945801}"
888,oecd,{'oecd': 0}
889,exports,"{'exports': 0, 'imports': 0.12609070539474487, 'export': 0.15102618932724}"
890,weedicides,[]
